{"0":{"precision":0.8888221154,"recall":0.9296040226,"f1-score":0.9087557604,"support":1591.0},"1":{"precision":0.6646706587,"recall":0.5454545455,"f1-score":0.5991902834,"support":407.0},"accuracy":{"precision":0.8513513514,"recall":0.8513513514,"f1-score":0.8513513514,"support":0.8513513514},"macro avg":{"precision":0.776746387,"recall":0.737529284,"f1-score":0.7539730219,"support":1998.0},"weighted avg":{"precision":0.8431616335,"recall":0.8513513514,"f1-score":0.8456961262,"support":1998.0}}