{"0":{"precision":0.885065382,"recall":0.8082966688,"f1-score":0.8449408673,"support":1591.0},"1":{"precision":0.4403669725,"recall":0.5896805897,"f1-score":0.5042016807,"support":407.0},"accuracy":{"precision":0.7637637638,"recall":0.7637637638,"f1-score":0.7637637638,"support":0.7637637638},"macro avg":{"precision":0.6627161772,"recall":0.6989886292,"f1-score":0.674571274,"support":1998.0},"weighted avg":{"precision":0.7944786689,"recall":0.7637637638,"f1-score":0.775531033,"support":1998.0}}